Artist,Title,Location,Date,Sold,Selling Price,low_estimate,high_estimate,Category,Auction Name,Image
After Guido Reni ,Saint Mary Magdalene,London,2019,True,12302.37,3936.76,6561.26,Old Masters,STONE: Marble and Hardstones,https://sothebys-md.brightspotcdn.com/dims4/default/333f143/2147483647/strip/true/crop/2000x1975+0+0/resize/2048x2022!/quality/90/?url=http%3A%2F%2Fsothebys-brightspot.s3.amazonaws.com%2Fmedia-desk%2Fbd%2F70%2F629d13314f479472c44e7735535e%2F080l19317-bdw6q-1.jpg
After Guido Reni ,The Penitent Saint Peter,London,2019,True,2132.41,787.35,1049.8,Old Masters,Spetchley - Property from the Berkeley Collection,https://sothebys-md.brightspotcdn.com/dims4/default/ddeb820/2147483647/strip/true/crop/1631x2000+0+0/resize/2048x2511!/quality/90/?url=http%3A%2F%2Fsothebys-brightspot.s3.amazonaws.com%2Fmedia-desk%2F64%2Fc9%2Fc6043d864b42b652a68d0d2017e6%2F100l19359-6v9bw-in-frame.jpg
Alessandro Allori,Christ Carrying The Cross,New York,2021,True,113400.0,100000.0,150000.0,Old Masters,"Collector, Dealer, Connoisseur: The Vision of Richard L. Feigen",https://sothebys-md.brightspotcdn.com/dims4/default/9483584/2147483647/strip/true/crop/1393x2000+0+0/resize/2048x2940!/quality/90/?url=http%3A%2F%2Fsothebys-brightspot.s3.amazonaws.com%2Fmedia-desk%2Fa0%2F53%2F8255db9942ae8806776903f0922f%2F014n10762-byfht-04.jpg
Alessandro Allori,"Portrait Of A Lady In Black, Holding A Book, Three-Quarter Length",New York,2021,True,315000.0,150000.0,200000.0,Old Masters,Master Paintings,https://sothebys-md.brightspotcdn.com/dims4/default/eb61377/2147483647/strip/true/crop/1576x2000+0+0/resize/2048x2599!/quality/90/?url=http%3A%2F%2Fsothebys-brightspot.s3.amazonaws.com%2Fmedia-desk%2F3a%2F28%2F5949eac445e1849dce18bf1d7970%2F052n10687-bs5dw-01-a.jpg
Alessandro Allori,"Portrait Of Joanna Of Austria (1547-1578), Bust Length, Facing Right",New York,2022,True,50400.0,40000.0,60000.0,Old Masters,Master Paintings & Sculpture Part I,https://sothebys-md.brightspotcdn.com/dims4/default/200504f/2147483647/strip/true/crop/1552x2000+0+0/resize/2048x2639!/quality/90/?url=http%3A%2F%2Fsothebys-brightspot.s3.amazonaws.com%2Fmedia-desk%2F51%2F84%2Ff823aab044b48296b4529e80e696%2F045n10901-c38y3-01.jpg
Alessandro Tiarini,Joseph'S Bloodied Clothes Shown To Rachel And Jacob,New York,2022,True,564500.0,250000.0,350000.0,Old Masters,Master to Master: The Nelson Shanks Collection,https://sothebys-md.brightspotcdn.com/dims4/default/ffed9c2/2147483647/strip/true/crop/2000x1722+0+0/resize/2048x1763!/quality/90/?url=http%3A%2F%2Fsothebys-brightspot.s3.amazonaws.com%2Fmedia-desk%2F43%2Fb1%2F381f9c2c4566aa8d687c3b94291a%2F042n10902-8fsxx-t1-04.jpg
Alessandro Tiarini,The Judgement Of Solomon; Daniel Defending Susanna,Paris,2021,True,111898.08,33303.0,55505.0,Old Masters,"Tableaux Dessins Sculptures 1300-1900, Session I",https://sothebys-md.brightspotcdn.com/dims4/default/a1b1bd3/2147483647/strip/true/crop/2000x1011+0+0/resize/2048x1035!/quality/90/?url=http%3A%2F%2Fsothebys-brightspot.s3.amazonaws.com%2Fmedia-desk%2F4f%2Fce%2F89f6409b43ad9910973979d73902%2F600pf2109-br6wd-02.jpg
Anne Vallayer-Coster ,A Still Life Of Roses And Other Flowers In A Blue Vase With A Book,New York,2020,True,352800.0,300000.0,500000.0,Old Masters,The Collection of Ambassador and Mrs. Felix Rohatyn,https://sothebys-md.brightspotcdn.com/dims4/default/444bb22/2147483647/strip/true/crop/1464x1840+0+0/resize/2048x2574!/quality/90/?url=http%3A%2F%2Fsothebys-brightspot.s3.amazonaws.com%2Fmedia-desk%2F81%2F97%2F664ac6b04840b08e943e20abd372%2Fn10385-33-76lfy-web.jpg
Anne Vallayer-Coster ,"Still Life Of Roses, Snowballs, Peonies And Hyacinths In A Glass On A Ledge",New York,2020,True,277200.0,100000.0,150000.0,Old Masters,The Collection of Ambassador and Mrs. Felix Rohatyn,https://sothebys-md.brightspotcdn.com/dims4/default/9173de0/2147483647/strip/true/crop/1552x1840+0+0/resize/2048x2428!/quality/90/?url=http%3A%2F%2Fsothebys-brightspot.s3.amazonaws.com%2Fmedia-desk%2F33%2F94%2F726f25bd4891bdc608b5ca715d52%2Fn10385-5-76m32-web.jpg
Artemisia Gentileschi,"Portrait Of A Seated Lady, Three-Quarter Length, In An Elaborate And Gold-Embroidered Costume, Possibly Caterina Savelli, Principessa Di Albano",New York,2022,True,2682000.0,2000000.0,3000000.0,Old Masters,Master Paintings & Sculpture Part I,https://sothebys-md.brightspotcdn.com/dims4/default/e4055f9/2147483647/strip/true/crop/1506x2000+0+0/resize/2048x2720!/quality/90/?url=http%3A%2F%2Fsothebys-brightspot.s3.amazonaws.com%2Fmedia-desk%2F8c%2Fb3%2F94541b1a40ca9115965605b24035%2F021n10901-c3nwb-t1-04.jpg
Artemisia Gentileschi,Susanna And The Elders,New York,2022,True,2137500.0,1800000.0,2500000.0,Old Masters,Master Paintings & Sculpture Part I,https://sothebys-md.brightspotcdn.com/dims4/default/3171f01/2147483647/strip/true/crop/1576x2000+0+0/resize/2048x2599!/quality/90/?url=http%3A%2F%2Fsothebys-brightspot.s3.amazonaws.com%2Fmedia-desk%2Feb%2Ff8%2Fdba923724f8790346933de124d00%2F135n10901-c534t-01.jpg
Artemisia Gentileschi ,"A Female Martyr Saint, Probably Saint Catherine Of Alexandria",London,2019,True,246047.34,196837.87,262450.5,Old Masters,Old Masters Evening Sale | 西洋古典油畫晚拍,https://sothebys-md.brightspotcdn.com/dims4/default/796bfbd/2147483647/strip/true/crop/1646x2000+0+0/resize/2048x2488!/quality/90/?url=http%3A%2F%2Fsothebys-brightspot.s3.amazonaws.com%2Fmedia-desk%2F22%2Fde%2F4417ac614b809bf3e90208e4ca1b%2F060l19036-bc2t3.jpg
Artemisia Gentileschi ,Bathsheba At Her Bath,New York,2020,True,740000.0,600000.0,800000.0,Old Masters,Master Paintings Evening Sale,https://sothebys-md.brightspotcdn.com/dims4/default/6197d27/2147483647/strip/true/crop/1526x2000+0+0/resize/2048x2684!/quality/90/?url=http%3A%2F%2Fsothebys-brightspot.s3.amazonaws.com%2Fmedia-desk%2Fa6%2Fcf%2F8752a56b44879944269b7c5bde45%2F350n10308-bg43b-comp.png
Bartolomé Esteban Murillo,Mater Dolorosa,London,2020,True,314153.25,131225.25,196837.87,Old Masters,Old Masters Evening Sale,https://sothebys-md.brightspotcdn.com/dims4/default/4bc0c4b/2147483647/strip/true/crop/1622x2000+0+0/resize/2048x2525!/quality/90/?url=http%3A%2F%2Fsothebys-brightspot.s3.amazonaws.com%2Fmedia-desk%2F1c%2F12%2Fcf5d5060436db0cdf61ef2a3abd1%2Fl20036-blyjv-01.jpg
Bartolomé Esteban Murillo,The Virgin And Child,New York,2022,True,867000.0,600000.0,800000.0,Old Masters,Master Paintings & Sculpture Part I,https://sothebys-md.brightspotcdn.com/dims4/default/0e66c4e/2147483647/strip/true/crop/1484x2000+0+0/resize/2048x2760!/quality/90/?url=http%3A%2F%2Fsothebys-brightspot.s3.amazonaws.com%2Fmedia-desk%2F5a%2Fa2%2Fd3cded164f77930f1b8738634e93%2F011n10901-bh55h-03.jpg
"Benjamin West, P.R.A.","Portrait Of Prince William, Later King William Iv Of Great Britain (1765–1837), When A Midshipman, In Naval Uniform Standing On The Deck Of Hms Prince George  ，（1765–1837）",London,2021,True,396825.16,262450.5,393675.75,Old Masters,Old Masters Evening Sale,https://sothebys-md.brightspotcdn.com/dims4/default/ed75e23/2147483647/strip/true/crop/1589x2000+0+0/resize/2048x2578!/quality/90/?url=http%3A%2F%2Fsothebys-brightspot.s3.amazonaws.com%2Fmedia-desk%2F54%2F2e%2F221760d140a693df96bfd2b97110%2Fl21033-bqpd8-01-a.jpg
"Benjamin West, P.R.A.",The Recovery Of His Majesty In The Year 1789 1789,London,2021,True,264550.1,196837.87,262450.5,Old Masters,Old Masters Evening Sale,https://sothebys-md.brightspotcdn.com/dims4/default/81d7eaf/2147483647/strip/true/crop/2000x1335+0+0/resize/2048x1367!/quality/90/?url=http%3A%2F%2Fsothebys-brightspot.s3.amazonaws.com%2Fmedia-desk%2F33%2Fd8%2F252f1b414fe098df441c60bb2718%2Fl21036-c2j7w-02-a-t1.jpg
Bernardo Bellotto ,"Dresden, A View Of The Moat Of The Zwinger",London,2020,True,7135241.73,3936757.49,5249009.99,Old Masters,Rembrandt to Richter,https://sothebys-md.brightspotcdn.com/dims4/default/a698f9c/2147483647/strip/true/crop/2000x1199+0+0/resize/2048x1228!/quality/90/?url=http%3A%2F%2Fsothebys-brightspot.s3.amazonaws.com%2Fmedia-desk%2F11%2F47%2Fd5e306e9458f8ac6bfd9f64ca4e5%2F051l20022-bjhgb-01.jpg
Bernardo Bellotto ,"Venice, A View Of The Campo And Church Of Santa Maria Formosa",New York,2020,True,3408000.0,3000000.0,5000000.0,Old Masters,The Collection of Ambassador and Mrs. Felix Rohatyn,https://sothebys-md.brightspotcdn.com/dims4/default/b116896/2147483647/strip/true/crop/1840x1200+0+0/resize/2048x1336!/quality/90/?url=http%3A%2F%2Fsothebys-brightspot.s3.amazonaws.com%2Fmedia-desk%2F3a%2F38%2F953d6fe448ba8f4f7b47769eea67%2Fn10385-26-76lh4-web.jpg
"Charles François Grenier De Lacroix, Called Lacroix De Marseille",A Marine At Sunset,Paris,2021,True,19582.16,22202.0,33303.0,Old Masters,"Tableaux Dessins Sculptures 1300-1900, Session I",https://sothebys-md.brightspotcdn.com/dims4/default/796cd67/2147483647/strip/true/crop/2000x1124+0+0/resize/2048x1151!/quality/90/?url=http%3A%2F%2Fsothebys-brightspot.s3.amazonaws.com%2Fmedia-desk%2F96%2Fcf%2F886ceef048a19ec341244e709917%2F280pf2109-bwwmh-01.jpg
"Charles François Grenier De Lacroix, Called Lacroix De Marseille",A Port At Sunset,Paris,2021,True,25177.07,22202.0,33303.0,Old Masters,"Tableaux Dessins Sculptures 1300-1900, Session I",https://sothebys-md.brightspotcdn.com/dims4/default/e4170ee/2147483647/strip/true/crop/2000x1487+0+0/resize/2048x1523!/quality/90/?url=http%3A%2F%2Fsothebys-brightspot.s3.amazonaws.com%2Fmedia-desk%2F05%2Fc5%2Fdb005eaa404c824d919cc5b5dd49%2F210pf2109-bt7jh-01.jpg
"Charles François Grenier De Lacroix, Called Lacroix De Marseille",Fishermen At Sunrise; A Storm,Paris,2021,True,90917.19,77707.0,111010.0,Old Masters,"Tableaux Dessins Sculptures 1300-1900, Session I",https://sothebys-md.brightspotcdn.com/dims4/default/10ee489/2147483647/strip/true/crop/1373x2000+0+0/resize/2048x2983!/quality/90/?url=http%3A%2F%2Fsothebys-brightspot.s3.amazonaws.com%2Fmedia-desk%2Fac%2Fb7%2F72f025294dd7a0d556050a5b6f2d%2F200pf2109-bt6hy-01.jpg
Charles Théodore Frère,Arrival Of A Caravan Outside Cairo,London,2022,True,16534.38,7873.51,10498.02,Old Masters,The Orientalist Sale,https://sothebys-md.brightspotcdn.com/dims4/default/dbe33f2/2147483647/strip/true/crop/2000x1109+0+0/resize/2048x1136!/quality/90/?url=http%3A%2F%2Fsothebys-brightspot.s3.amazonaws.com%2Fmedia-desk%2F67%2Fa6%2F48fb6a8f4ab5bd00aed8fab3b8a7%2Fl22100-c6q6c-01a-t2.jpg
Charles Théodore Frère,Sunset On The Nile,London,2022,True,173611.01,78735.15,104980.2,Old Masters,The Orientalist Sale,https://sothebys-md.brightspotcdn.com/dims4/default/282d58e/2147483647/strip/true/crop/2000x1220+0+0/resize/2048x1249!/quality/90/?url=http%3A%2F%2Fsothebys-brightspot.s3.amazonaws.com%2Fmedia-desk%2F21%2Fc2%2Fdb5ababe40f29f63455e14fa860b%2Fl22100-c5qgp-01-t1.jpg
Charles Théodore Frère,The Halt Of The Caravan,London,2022,True,14054.22,6561.26,9185.77,Old Masters,The Orientalist Sale,https://sothebys-md.brightspotcdn.com/dims4/default/e620fc7/2147483647/strip/true/crop/2000x1272+0+0/resize/2048x1303!/quality/90/?url=http%3A%2F%2Fsothebys-brightspot.s3.amazonaws.com%2Fmedia-desk%2F1b%2Fa0%2Fe30f8d884e4699963fa8bdb44113%2Fl22100-c6f8b-01a-t2.jpg
Christian Bérard,Etudes De Personnages,Paris,2021,True,4895.54,1665.15,2220.2,Old Masters,"Collection Pierre Le-Tan, Session I",https://sothebys-md.brightspotcdn.com/dims4/default/a6c4e26/2147483647/strip/true/crop/1440x2000+0+0/resize/2048x2844!/quality/90/?url=http%3A%2F%2Fsothebys-brightspot.s3.amazonaws.com%2Fmedia-desk%2F90%2F3a%2F8e1b2e5141e3929fb6d26e91ce0f%2F0742pf2137-blnjv-01.jpg
Christian Bérard,Portrait De René Crevel,Paris,2021,True,3916.43,1110.1,1665.15,Old Masters,"Collection Pierre Le-Tan, Session I",https://sothebys-md.brightspotcdn.com/dims4/default/70c78d0/2147483647/strip/true/crop/1526x2000+0+0/resize/2048x2684!/quality/90/?url=http%3A%2F%2Fsothebys-brightspot.s3.amazonaws.com%2Fmedia-desk%2Fa8%2F5e%2F2be310184ad7a2007ae1d3462bcb%2F0806pf2137-blwfh-01.jpg
Christian Bérard,Scène De Théâtre,Paris,2021,True,9091.72,1665.15,2220.2,Old Masters,"Collection Pierre Le-Tan, Session I",https://sothebys-md.brightspotcdn.com/dims4/default/a2e9233/2147483647/strip/true/crop/1718x2000+0+0/resize/2048x2384!/quality/90/?url=http%3A%2F%2Fsothebys-brightspot.s3.amazonaws.com%2Fmedia-desk%2Fd7%2F3c%2F8ff68e814bcb8eed3d5c7763cf31%2F0751pf2137-blnpn-01.jpg
Circle Of Robert Peake ,"Portrait Of A Girl, Half-Length, In A Lace Cap And Ruff",London,2019,True,42648.21,10498.02,15747.03,Old Masters,Spetchley - Property from the Berkeley Collection,https://sothebys-md.brightspotcdn.com/dims4/default/962a8f6/2147483647/strip/true/crop/1593x2000+0+0/resize/2048x2571!/quality/90/?url=http%3A%2F%2Fsothebys-brightspot.s3.amazonaws.com%2Fmedia-desk%2Fce%2Fc7%2Fa2175da6446b80b5c4808bd2b4c4%2Fl19359-104-web.jpg
Circle Of Robert Peake ,"Portrait Of Sir Edward Pytts Of Kyre Wyard And Sheriff Of Worcestershire And His Grandson, Edward Pytts, Both Full-Length, The Former In A Black Doublet And Hose With A Dog At His Feet, The Latter In A Richly Embroidered Red And White Dress, Holding A Sword",London,2019,True,131225.25,104980.2,157470.3,Old Masters,Old Masters Day Sale,https://sothebys-md.brightspotcdn.com/dims4/default/b8f93f1/2147483647/strip/true/crop/1160x2000+0+0/resize/2048x3531!/quality/90/?url=http%3A%2F%2Fsothebys-brightspot.s3.amazonaws.com%2Fmedia-desk%2F09%2F74%2F41b1efe74d369e3805c0111b6844%2F081l19037-b8jht.jpg
"Continental School, 19Th Century ",A Sheet Of Seashell Studies,New York,2020,True,3500.0,1500.0,2000.0,Old Masters,Mario Buatta: Prince of Interiors,https://sothebys-md.brightspotcdn.com/dims4/default/29b703f/2147483647/strip/true/crop/2000x2000+0+0/resize/2048x2048!/quality/90/?url=http%3A%2F%2Fsothebys-brightspot.s3.amazonaws.com%2Fmedia-desk%2Fe8%2Fdd%2Fcca31c6a4934998d9cf1722d22b0%2Fn10304-489-web.jpg
"Continental School, 19Th Century ",A Sheet Of Tulip Studies,New York,2020,True,2125.0,1000.0,1500.0,Old Masters,Mario Buatta: Prince of Interiors,https://sothebys-md.brightspotcdn.com/dims4/default/c11357c/2147483647/strip/true/crop/2000x2000+0+0/resize/2048x2048!/quality/90/?url=http%3A%2F%2Fsothebys-brightspot.s3.amazonaws.com%2Fmedia-desk%2F99%2F00%2Fcda9628741bbb69ff1639cabc204%2Fn10304-136-web.jpg
Domenico Beccafumi,"The Madonna, Saint Joseph, The Infant Baptist And An Angel Adoring The Infant Christ: The “Feigen Adoration”",New York,2021,True,340200.0,300000.0,500000.0,Old Masters,"Collector, Dealer, Connoisseur: The Vision of Richard L. Feigen",https://sothebys-md.brightspotcdn.com/dims4/default/03c5892/2147483647/strip/true/crop/1411x2000+0+0/resize/2048x2903!/quality/90/?url=http%3A%2F%2Fsothebys-brightspot.s3.amazonaws.com%2Fmedia-desk%2Fb3%2F22%2Feba893aa4a419c38f36d3f5158fb%2F056n10762-byf35-02.jpg
Domenico Beccafumi,The Virgin And Child With Saints Lawrence And Catherine Of Alexandria,London,2021,True,363756.39,262450.5,393675.75,Old Masters,Old Masters Evening Sale,https://sothebys-md.brightspotcdn.com/dims4/default/2bc9cb8/2147483647/strip/true/crop/1527x2000+0+0/resize/2048x2682!/quality/90/?url=http%3A%2F%2Fsothebys-brightspot.s3.amazonaws.com%2Fmedia-desk%2F8e%2F68%2Fa8f6be9f4da69eb67382ab07acdf%2Fl21033-bvbyl-02-new-frame-01.jpg
Domenico Gnoli,Cavalier Sur Cheval Rétif,Paris,2021,True,4895.54,3330.3,5550.5,Old Masters,"Collection Pierre Le-Tan, Session I",https://sothebys-md.brightspotcdn.com/dims4/default/10103f4/2147483647/strip/true/crop/1558x2000+0+0/resize/2048x2629!/quality/90/?url=http%3A%2F%2Fsothebys-brightspot.s3.amazonaws.com%2Fmedia-desk%2F04%2F9d%2F30ba4c174c27995b30e5c0a43064%2F0332pf2137-blvw3-01.jpg
Domenico Gnoli,Ville Imaginaire,Paris,2021,True,83923.56,33303.0,55505.0,Old Masters,"Collection Pierre Le-Tan, Session I",https://sothebys-md.brightspotcdn.com/dims4/default/d0b0563/2147483647/strip/true/crop/1443x2000+0+0/resize/2048x2839!/quality/90/?url=http%3A%2F%2Fsothebys-brightspot.s3.amazonaws.com%2Fmedia-desk%2Fd2%2F1c%2F0f2771a84a30bf0051bae7546464%2F0175pf2137-blnk5-01.jpg
"Doménikos Theotokopoulos, Called El Greco And Workshop",Saint Francis In Ecstasy,New York,2022,True,1169500.0,600000.0,800000.0,Old Masters,Master Paintings & Sculpture Part I,https://sothebys-md.brightspotcdn.com/dims4/default/9d37db4/2147483647/strip/true/crop/1434x2000+0+0/resize/2048x2856!/quality/90/?url=http%3A%2F%2Fsothebys-brightspot.s3.amazonaws.com%2Fmedia-desk%2F3a%2Ff2%2F9a4f1f8a483382b084162e88127b%2F010n10901-bh55p-01.jpg
"Doménikos Theotokopoulos, Called El Greco And Workshop",Saint Francis Of Assisi In Ecstasy,London,2020,True,781840.04,656126.25,918576.75,Old Masters,Old Masters Evening Sale,https://sothebys-md.brightspotcdn.com/dims4/default/27a0ddd/2147483647/strip/true/crop/1474x2000+0+0/resize/2048x2779!/quality/90/?url=http%3A%2F%2Fsothebys-brightspot.s3.amazonaws.com%2Fmedia-desk%2Fba%2Fcd%2F153a1dc649288df9e9bc214aaa7f%2F011l20036-bnv6f-01-a.jpg
Emilio Terry,A Drawing By Emilio Terry Accompanied By Two Photographs And Two Drawings By Emilo Terry'S Studio,Paris,2021,True,4196.18,3330.3,5550.5,Old Masters,"Collection Pierre Le-Tan, Session I",https://sothebys-md.brightspotcdn.com/dims4/default/979e284/2147483647/strip/true/crop/2000x1695+0+0/resize/2048x1736!/quality/90/?url=http%3A%2F%2Fsothebys-brightspot.s3.amazonaws.com%2Fmedia-desk%2F35%2Fd0%2F5e0a282449c0ad3f4c1a33b9a1f7%2F0960pf2137-blyvk-01.jpg
Emilio Terry,Projet De Lit À La Turque Et Autres Projets (Recto Verso),Paris,2021,True,4196.18,3330.3,5550.5,Old Masters,"Collection Pierre Le-Tan, Session I",https://sothebys-md.brightspotcdn.com/dims4/default/38bf0a3/2147483647/strip/true/crop/2000x1295+0+0/resize/2048x1326!/quality/90/?url=http%3A%2F%2Fsothebys-brightspot.s3.amazonaws.com%2Fmedia-desk%2Fb1%2F40%2Fc5fe9f2f4507867bda287bcebc77%2F0308pf2137-blv57-01.jpg
"English School, 19Th Century ",A Cavalier King Charles Spaniel In A Landscape,New York,2020,True,10625.0,1000.0,2000.0,Old Masters,Mario Buatta: Prince of Interiors,https://sothebys-md.brightspotcdn.com/dims4/default/d7f381c/2147483647/strip/true/crop/2000x1339+0+0/resize/2048x1371!/quality/90/?url=http%3A%2F%2Fsothebys-brightspot.s3.amazonaws.com%2Fmedia-desk%2F98%2F06%2F6a4c492d448db09c511c1bb3a68b%2F017n10304-b9qpl-web.jpg
"English School, 19Th Century ",A Trompe L'Oeil Of A Country Landscape With Cottages Behind A Broken Glass,New York,2020,True,1500.0,700.0,900.0,Old Masters,Mario Buatta: Prince of Interiors,https://sothebys-md.brightspotcdn.com/dims4/default/2df4ce5/2147483647/strip/true/crop/2000x2000+0+0/resize/2048x2048!/quality/90/?url=http%3A%2F%2Fsothebys-brightspot.s3.amazonaws.com%2Fmedia-desk%2F97%2F17%2Fd1f69c92486a83e8aa431ae4b920%2Fn10304-406-web.jpg
"English School, 19Th Century ",Two Cavalier King Charles Spaniels In A Landscape,New York,2020,True,13750.0,2000.0,3000.0,Old Masters,Mario Buatta: Prince of Interiors,https://sothebys-md.brightspotcdn.com/dims4/default/d549bad/2147483647/strip/true/crop/2000x1429+0+0/resize/2048x1463!/quality/90/?url=http%3A%2F%2Fsothebys-brightspot.s3.amazonaws.com%2Fmedia-desk%2F9b%2F9d%2Fe19cbfef4925b0bd84f826c9334b%2F016n10304-b9qpn-web.jpg
Frans Pourbus The Elder,"Portrait Of A Bearded Gentleman, Bust-Length, Wearing A Gold Chain",New York,2022,True,63000.0,60000.0,80000.0,Old Masters,Master Paintings & Sculpture Part I,https://sothebys-md.brightspotcdn.com/dims4/default/5e25f91/2147483647/strip/true/crop/1625x2000+0+0/resize/2048x2521!/quality/90/?url=http%3A%2F%2Fsothebys-brightspot.s3.amazonaws.com%2Fmedia-desk%2Faa%2Fbb%2F884c10b247d092b9001e03236e4c%2F027n10901-c38xm-t2-04.jpg
Frans Pourbus The Elder,"Portrait Of A Young Woman, Aged 17, Holding A Small Spaniel Wearing A Collar Of Bells",New York,2021,True,478800.0,70000.0,90000.0,Old Masters,Master Paintings & Sculpture Part I,https://sothebys-md.brightspotcdn.com/dims4/default/632737d/2147483647/strip/true/crop/2000x2000+0+0/resize/2048x2048!/quality/90/?url=http%3A%2F%2Fsothebys-brightspot.s3.amazonaws.com%2Fmedia-desk%2F80%2Fa2%2F18ee6e91462c85c41c83ffc1c495%2Fn10607-19-web.jpg
François Boucher,Le Départ Pour La Pêche,London,2021,True,264550.1,196837.87,262450.5,Old Masters,Old Masters Evening Sale,https://sothebys-md.brightspotcdn.com/dims4/default/e904667/2147483647/strip/true/crop/1668x2000+0+0/resize/2048x2456!/quality/90/?url=http%3A%2F%2Fsothebys-brightspot.s3.amazonaws.com%2Fmedia-desk%2F49%2F36%2Fcce0ba1d4dc4816e28e332917369%2Fl21033-bxpgv-01-post-restoration.jpg
François Boucher,Les Villageois À La Pêche,London,2021,True,413359.54,328063.12,459288.37,Old Masters,Old Masters Evening Sale,https://sothebys-md.brightspotcdn.com/dims4/default/2a7329a/2147483647/strip/true/crop/1587x2000+0+0/resize/2048x2581!/quality/90/?url=http%3A%2F%2Fsothebys-brightspot.s3.amazonaws.com%2Fmedia-desk%2F8b%2Fba%2F0138d98548459dcc646d0859609d%2Fl21033-bxpgt-01-post-restoration.jpg
François Boucher And Studio,Danäe,New York,2022,True,151200.0,180000.0,220000.0,Old Masters,Master Paintings & Sculpture Part I,https://sothebys-md.brightspotcdn.com/dims4/default/0085fff/2147483647/strip/true/crop/2000x1310+0+0/resize/2048x1341!/quality/90/?url=http%3A%2F%2Fsothebys-brightspot.s3.amazonaws.com%2Fmedia-desk%2F2f%2Feb%2F16de2ec24feba3516714987e9ba1%2F117n10901-4dhc8-t1-04.jpg
François Boucher And Studio,Evening Or The Interrupted Sleep (Le Sommeil Interrompu),London,2021,True,181878.2,131225.25,196837.87,Old Masters,Old Masters Evening Sale,https://sothebys-md.brightspotcdn.com/dims4/default/82506ee/2147483647/strip/true/crop/1157x2000+0+0/resize/2048x3540!/quality/90/?url=http%3A%2F%2Fsothebys-brightspot.s3.amazonaws.com%2Fmedia-desk%2F57%2Fd9%2Fc744c1f248839a5b41c6cb0904ac%2Fl21036-829d2-01-t1.jpg
François Boucher And Studio,The Offering To Love (L'Offrande À L'Amour),London,2021,True,256282.91,78735.15,104980.2,Old Masters,Old Masters Evening Sale,https://sothebys-md.brightspotcdn.com/dims4/default/3a77f8c/2147483647/strip/true/crop/1167x2000+0+0/resize/2048x3510!/quality/90/?url=http%3A%2F%2Fsothebys-brightspot.s3.amazonaws.com%2Fmedia-desk%2Fad%2F35%2F46b9400344469555befa2b515cd8%2Fl21036-829cj-01-t1.jpg
"Gaspar Van Wittel, Called Vanvitelli","A Pair Of Views Of Villa Aldobrandini, Frascati",London,2021,True,396825.16,131225.25,196837.87,Old Masters,Old Masters Evening Sale,https://sothebys-md.brightspotcdn.com/dims4/default/02ac82e/2147483647/strip/true/crop/2000x807+0+0/resize/2048x826!/quality/90/?url=http%3A%2F%2Fsothebys-brightspot.s3.amazonaws.com%2Fmedia-desk%2F48%2Fc7%2Ffe34d895432b9809fde03804b76d%2Fl21036-c2xq4-01-t1-group-b-combined.jpg
"Gaspar Van Wittel, Called Vanvitelli","Venice, Santa Maria Della Salute And The Entrance To The Grand Canal",London,2020,True,496031.44,393675.75,524901.0,Old Masters,Old Masters Evening Sale,https://sothebys-md.brightspotcdn.com/dims4/default/fe5b690/2147483647/strip/true/crop/2000x1154+0+0/resize/2048x1182!/quality/90/?url=http%3A%2F%2Fsothebys-brightspot.s3.amazonaws.com%2Fmedia-desk%2F8b%2F4e%2Fc2f8a4cb48759d4bb318a4b064f9%2Fl20036-bnnqc-01-a.jpg
"Genoese School, 17Th Century ",Allegory Of Painting,New York,2020,True,12600.0,10000.0,15000.0,Old Masters,Master Paintings,https://sothebys-md.brightspotcdn.com/dims4/default/8fd4ea5/2147483647/strip/true/crop/2000x2000+0+0/resize/2048x2048!/quality/90/?url=http%3A%2F%2Fsothebys-brightspot.s3.amazonaws.com%2Fmedia-desk%2F31%2Fec%2F2366dd714b6caf0bc9017c38f266%2Fn10377-128-974m4-web.jpg
"Genoese School, 17Th Century ",Ecce Homo,London,2019,True,303458.39,32806.31,45928.84,Old Masters,Old Masters Day Sale,https://sothebys-md.brightspotcdn.com/dims4/default/946bbf8/2147483647/strip/true/crop/1630x2000+0+0/resize/2048x2513!/quality/90/?url=http%3A%2F%2Fsothebys-brightspot.s3.amazonaws.com%2Fmedia-desk%2F22%2F24%2F56f35cb24b74960f93a7f038e4a4%2F603l19037-b22bd.jpg
Giovanni Lanfranco,Noli Me Tangere,New York,2021,True,100800.0,100000.0,150000.0,Old Masters,"Collector, Dealer, Connoisseur: The Vision of Richard L. Feigen",https://sothebys-md.brightspotcdn.com/dims4/default/e48fe55/2147483647/strip/true/crop/1704x2000+0+0/resize/2048x2404!/quality/90/?url=http%3A%2F%2Fsothebys-brightspot.s3.amazonaws.com%2Fmedia-desk%2F06%2F6e%2Ff543c121412c9062242e6911a7e4%2F011n10762-byf36-04.jpg
Giovanni Lanfranco,The Holy Family With The Infant Saint John The Baptist,New York,2022,True,94500.0,30000.0,50000.0,Old Masters,Master to Master: The Nelson Shanks Collection,https://sothebys-md.brightspotcdn.com/dims4/default/7d502e2/2147483647/strip/true/crop/1515x2000+0+0/resize/2048x2704!/quality/90/?url=http%3A%2F%2Fsothebys-brightspot.s3.amazonaws.com%2Fmedia-desk%2Fde%2F34%2F3262e0294c5fa63f88d75c74da1b%2F003n10902-8ft7w-03.jpg
Girolamo Mazzola Bedoli,The Holy Family In A Landscape,New York,2021,True,69300.0,60000.0,80000.0,Old Masters,"Collector, Dealer, Connoisseur: The Vision of Richard L. Feigen",https://sothebys-md.brightspotcdn.com/dims4/default/7bd27af/2147483647/strip/true/crop/1449x2000+0+0/resize/2048x2827!/quality/90/?url=http%3A%2F%2Fsothebys-brightspot.s3.amazonaws.com%2Fmedia-desk%2Fb7%2F58%2Fb26d6f73480b976a57bd859bee5d%2F069n10762-byfhq-02-a.jpg
Girolamo Mazzola Bedoli,The Virgin And Child Enthroned With A Bishop Saint And Saint Francis  ，,London,2021,True,239748.53,196837.87,262450.5,Old Masters,Old Masters Evening Sale,https://sothebys-md.brightspotcdn.com/dims4/default/ab9efb2/2147483647/strip/true/crop/1339x2000+0+0/resize/2048x3059!/quality/90/?url=http%3A%2F%2Fsothebys-brightspot.s3.amazonaws.com%2Fmedia-desk%2F8f%2Fd2%2F4413083a4e5496b7ed7a2b005bd2%2Fl21033-bdyyv-01.jpg
Hubert Robert,A Fantasy View Of Tivoli,Paris,2021,True,335694.24,133212.0,199818.0,Old Masters,"Tableaux Dessins Sculptures 1300-1900, Session I",https://sothebys-md.brightspotcdn.com/dims4/default/9aea4a5/2147483647/strip/true/crop/987x2000+0+0/resize/2048x4150!/quality/90/?url=http%3A%2F%2Fsothebys-brightspot.s3.amazonaws.com%2Fmedia-desk%2F78%2F3f%2F85c7782e4b69aa199c87edabc5ae%2F103pf2109-br6zw-01.jpg
Hubert Robert,Architectural Capriccio With Ruins Of The Campo Vaccino And Of The Colosseum,Paris,2021,True,111898.08,88808.0,133212.0,Old Masters,"Tableaux Dessins Sculptures 1300-1900, Session I",https://sothebys-md.brightspotcdn.com/dims4/default/20bbc2b/2147483647/strip/true/crop/998x2000+0+0/resize/2048x4104!/quality/90/?url=http%3A%2F%2Fsothebys-brightspot.s3.amazonaws.com%2Fmedia-desk%2Fd8%2F32%2F0778d904478da510d6080c1b3029%2F097pf2109-br6zr-01.jpg
Hubert Robert,View Of A Garden With A Large Fountain At Center And Figures Relaxing And Dancing In The Foreground,New York,2021,True,315000.0,300000.0,500000.0,Old Masters,Master Paintings & Sculpture Part I,https://sothebys-md.brightspotcdn.com/dims4/default/31c0369/2147483647/strip/true/crop/2000x2000+0+0/resize/2048x2048!/quality/90/?url=http%3A%2F%2Fsothebys-brightspot.s3.amazonaws.com%2Fmedia-desk%2Fbf%2Fe6%2F0fd03d834b28afe8b3c937abf0e5%2Fn10607-39-web.jpg
Hubert Robert,"View Of A Walled Garden Courtyard, With A Woman Feeding Chickens And Other Figures In The Foreground",New York,2021,True,201600.0,200000.0,300000.0,Old Masters,Master Paintings & Sculpture Part I,https://sothebys-md.brightspotcdn.com/dims4/default/3fb95e6/2147483647/strip/true/crop/2000x2000+0+0/resize/2048x2048!/quality/90/?url=http%3A%2F%2Fsothebys-brightspot.s3.amazonaws.com%2Fmedia-desk%2F86%2F08%2F33bec92d47c7b7013c9d916a4316%2Fn10607-40-web.jpg
Hubert Robert ,The Temple Of Diana At Nimes With Figures In The Foreground Including An Artist Sketching,New York,2020,True,685500.0,400000.0,600000.0,Old Masters,The Collection of Ambassador and Mrs. Felix Rohatyn,https://sothebys-md.brightspotcdn.com/dims4/default/089b11c/2147483647/strip/true/crop/1824x1312+0+0/resize/2048x1473!/quality/90/?url=http%3A%2F%2Fsothebys-brightspot.s3.amazonaws.com%2Fmedia-desk%2Ffb%2Ff7%2Ffd6d80504adf8ba26e155e1dff11%2Fn10385-17-76lfg-web.jpg
Hubert Robert ,"View Of The Palazzo Durazzo, Genoa, With Washerwomen And Other Figures In The Foreground",New York,2020,True,988000.0,500000.0,700000.0,Old Masters,The Collection of Ambassador and Mrs. Felix Rohatyn,https://sothebys-md.brightspotcdn.com/dims4/default/11ed546/2147483647/strip/true/crop/1840x1360+0+0/resize/2048x1514!/quality/90/?url=http%3A%2F%2Fsothebys-brightspot.s3.amazonaws.com%2Fmedia-desk%2F66%2F47%2F13d3a25b4a5aa3b33914774389ae%2Fn10385-16-bhgtx-web.jpg
Jacob Isaacksz. Van Ruisdael,Landscape With A Cottage And Stone Bridge Under A Cloudy Sky,London,2020,True,1289944.2,1049802.0,1574703.0,Old Masters,Old Masters Evening Sale,https://sothebys-md.brightspotcdn.com/dims4/default/8904d7f/2147483647/strip/true/crop/2000x1423+0+0/resize/2048x1457!/quality/90/?url=http%3A%2F%2Fsothebys-brightspot.s3.amazonaws.com%2Fmedia-desk%2F75%2F47%2F78082e504189922fb7a9fa022004%2Fl20036-bbpw3-01.jpg
Jacob Isaacksz. Van Ruisdael,Landscape With Cornfields And A Thatched Barn,London,2020,True,99206.29,104980.2,157470.3,Old Masters,Old Masters Evening Sale,https://sothebys-md.brightspotcdn.com/dims4/default/85be1d4/2147483647/strip/true/crop/2000x1594+0+0/resize/2048x1632!/quality/90/?url=http%3A%2F%2Fsothebys-brightspot.s3.amazonaws.com%2Fmedia-desk%2Ff3%2Ffa%2F6c18d68940b5a4e7baab5683182a%2F010l20036-bjz2c.jpg
Jacob Jordaens ,Christ Among The Pharisees,London,2019,True,278853.66,65612.62,91857.67,Old Masters,Old Masters Evening Sale | 西洋古典油畫晚拍,https://sothebys-md.brightspotcdn.com/dims4/default/d18326c/2147483647/strip/true/crop/2000x1308+0+0/resize/2048x1339!/quality/90/?url=http%3A%2F%2Fsothebys-brightspot.s3.amazonaws.com%2Fmedia-desk%2Fe9%2F37%2Fff9caf774228b1413b5379f818f8%2F793l19036-b8nvy.jpg
Jacob Jordaens ,Christ Triumphant Among The Nine Penitents,New York,2020,True,441000.0,200000.0,300000.0,Old Masters,Master Paintings,https://sothebys-md.brightspotcdn.com/dims4/default/4cc4812/2147483647/strip/true/crop/2000x2000+0+0/resize/2048x2048!/quality/90/?url=http%3A%2F%2Fsothebys-brightspot.s3.amazonaws.com%2Fmedia-desk%2F32%2Fb6%2Fa77016564124a8d412f3d502307c%2Fn10377-145-95wr8-web.jpg
Jacob Jordaens ,The Sleeping Antiope Approached By Jupiter,New York,2020,True,237500.0,200000.0,300000.0,Old Masters,Master Paintings Evening Sale,https://sothebys-md.brightspotcdn.com/dims4/default/ffa4ffb/2147483647/strip/true/crop/2000x1245+0+0/resize/2048x1275!/quality/90/?url=http%3A%2F%2Fsothebys-brightspot.s3.amazonaws.com%2Fmedia-desk%2F46%2F15%2Fb2d1dade41ad87f130b8fb1de2f2%2F181n10308-bdrl3.png
Jan Anthonisz. Van Ravesteyn ,"Portrait Of A Lady, Three-Quarter Length, In A Wide Lace Collar, Holding A Fan",London,2019,True,27885.37,13122.52,19683.79,Old Masters,Old Masters Day Sale,https://sothebys-md.brightspotcdn.com/dims4/default/32c1724/2147483647/strip/true/crop/1445x2000+0+0/resize/2048x2835!/quality/90/?url=http%3A%2F%2Fsothebys-brightspot.s3.amazonaws.com%2Fmedia-desk%2F92%2F0b%2F2132e9ee48d189f4d66cc92d125c%2F025l19037-bbyzq.jpg
Jan Anthonisz. Van Ravesteyn ,Portrait Of A Young Golfer,London,2019,True,507841.72,157470.3,236205.45,Old Masters,Old Masters Evening Sale | 西洋古典油畫晚拍,https://sothebys-md.brightspotcdn.com/dims4/default/831d2a7/2147483647/strip/true/crop/1461x2000+0+0/resize/2048x2804!/quality/90/?url=http%3A%2F%2Fsothebys-brightspot.s3.amazonaws.com%2Fmedia-desk%2Fba%2F40%2Fc8ec284d4190a8722f19f5ed5351%2F013l19036-bdbs9.jpg
Jan Brueghel The Elder,A Wooded Estuary With A Ferry And Fishermen Selling Their Catch,London,2021,True,845353.06,393675.75,656126.25,Old Masters,Old Masters Evening Sale,https://sothebys-md.brightspotcdn.com/dims4/default/57f7aca/2147483647/strip/true/crop/2000x1992+0+0/resize/2048x2040!/quality/90/?url=http%3A%2F%2Fsothebys-brightspot.s3.amazonaws.com%2Fmedia-desk%2F4d%2F55%2Fc7da68ac47f2a46ea2f61e73258f%2Fl21033-7b2pt-01-a.jpg
Jan Brueghel The Elder,Landscape With A Rowing Boat Beside Riverside Cottages,London,2021,True,527787.95,262450.5,393675.75,Old Masters,Old Masters Evening Sale,https://sothebys-md.brightspotcdn.com/dims4/default/f746a05/2147483647/strip/true/crop/2000x1441+0+0/resize/2048x1476!/quality/90/?url=http%3A%2F%2Fsothebys-brightspot.s3.amazonaws.com%2Fmedia-desk%2F17%2F15%2Ff940beba48fe99fe771c2f60c9eb%2Fl21036-c3c3w-cs-01-t1.jpg
Jan Davidsz. De Heem,"Still Life Of Fruit, Including Lemons, Grapes, Pears And Cherries, Together With A Hazelnut, All Arranged On A Table Largely Draped With A Blue Cloth  ，",London,2021,True,380290.77,262450.5,393675.75,Old Masters,Old Masters Evening Sale,https://sothebys-md.brightspotcdn.com/dims4/default/c04cc85/2147483647/strip/true/crop/2000x1607+0+0/resize/2048x1646!/quality/90/?url=http%3A%2F%2Fsothebys-brightspot.s3.amazonaws.com%2Fmedia-desk%2F10%2F90%2Fb224061e4709b02eae09cef456f6%2F1070l21033-by4wr-01.jpg
Jan Davidsz. De Heem,"Still Life With Flowers In A Glass Vase, A Lemon, An Ear Of Corn, With A Snail And Butterflies Beside A Skull",London,2021,True,231481.34,104980.2,157470.3,Old Masters,Old Masters Evening Sale,https://sothebys-md.brightspotcdn.com/dims4/default/1898b99/2147483647/strip/true/crop/2000x1449+0+0/resize/2048x1484!/quality/90/?url=http%3A%2F%2Fsothebys-brightspot.s3.amazonaws.com%2Fmedia-desk%2F58%2F83%2Fa19e58334a15aa09c6e799dc3d27%2Fl21033-brpwg-01.jpg
Jan Josefsz. Van Goyen,Summer; Winter ；,London,2021,True,396825.16,262450.5,393675.75,Old Masters,Old Masters Evening Sale,https://sothebys-md.brightspotcdn.com/dims4/default/3c26d22/2147483647/strip/true/crop/2000x2022+0+0/resize/2048x2071!/quality/90/?url=http%3A%2F%2Fsothebys-brightspot.s3.amazonaws.com%2Fmedia-desk%2F9a%2Fe2%2F63f6db6f45409947fa176cf84b39%2Fl21036-c3c44-cs-01-t1-group-a-combine.jpg
Jan Josefsz. Van Goyen,Winter Landscape With Figures Skating And Sledging With Horses On A Frozen River,London,2021,True,314153.25,131225.25,196837.87,Old Masters,Old Masters Evening Sale,https://sothebys-md.brightspotcdn.com/dims4/default/84b25cd/2147483647/strip/true/crop/2000x1482+0+0/resize/2048x1518!/quality/90/?url=http%3A%2F%2Fsothebys-brightspot.s3.amazonaws.com%2Fmedia-desk%2Fec%2Fb8%2F94d7ca004a6ca29308764df04b23%2Fl21036-c3vw3-01a-t1-reshoot.jpg
"John Constable, R.A.",A Woodland Scene,London,2021,True,413359.54,104980.2,157470.3,Old Masters,Old Masters Evening Sale,https://sothebys-md.brightspotcdn.com/dims4/default/34701e7/2147483647/strip/true/crop/1632x2000+0+0/resize/2048x2510!/quality/90/?url=http%3A%2F%2Fsothebys-brightspot.s3.amazonaws.com%2Fmedia-desk%2F01%2Fe4%2Fb84c092a42ebbaabcc917adac184%2Fl21036-c4btp-02-t1-01.jpg
"John Constable, R.A.","Colliers Unloading On Hove Beach, Looking Towards Shoreham, Brighton，",London,2021,True,1067648.63,262450.5,393675.75,Old Masters,Old Masters Evening Sale,https://sothebys-md.brightspotcdn.com/dims4/default/5668198/2147483647/strip/true/crop/2000x1389+0+0/resize/2048x1422!/quality/90/?url=http%3A%2F%2Fsothebys-brightspot.s3.amazonaws.com%2Fmedia-desk%2F4a%2F7c%2Fbe6372034286a193279bbf89fc6d%2Fl21036-9cq8w-bi.jpg
"Jusepe De Ribera, Called Lo Spagnoletto ",Job On The Ash Heap,New York,2020,True,437500.0,300000.0,500000.0,Old Masters,Master Paintings & Sculpture Day Sale,https://sothebys-md.brightspotcdn.com/dims4/default/679483c/2147483647/strip/true/crop/2000x1476+0+0/resize/2048x1511!/quality/90/?url=http%3A%2F%2Fsothebys-brightspot.s3.amazonaws.com%2Fmedia-desk%2F72%2Faf%2Fce3f61ec4d6aa699c16e9857378a%2F665n10309-bfdgs.jpg
"Jusepe De Ribera, Called Lo Spagnoletto ",Saint Judas Thaddeus,London,2019,True,523588.75,262450.5,393675.75,Old Masters,Old Masters Evening Sale | 西洋古典油畫晚拍,https://sothebys-md.brightspotcdn.com/dims4/default/cfd76ed/2147483647/strip/true/crop/1449x2000+0+0/resize/2048x2827!/quality/90/?url=http%3A%2F%2Fsothebys-brightspot.s3.amazonaws.com%2Fmedia-desk%2F02%2F19%2Fe35c7e9d4a7d8a70e3b8419fe8ef%2F157l19036-003-b3wh4.jpg
Le Pho,Autoportrait Dans La Forêt,Paris,2021,True,980995.37,166515.0,222020.0,Old Masters,"Collection Pierre Le-Tan, Session I",https://sothebys-md.brightspotcdn.com/dims4/default/eba2c42/2147483647/strip/true/crop/2000x983+0+0/resize/2048x1007!/quality/90/?url=http%3A%2F%2Fsothebys-brightspot.s3.amazonaws.com%2Fmedia-desk%2F85%2F32%2Fdbd56ba646a5bfe14d70515fd6dc%2F0337pf2137-blwdl-01.jpg
Le Pho,Deux Jeunes Écrivant Sur Une Table,Paris,2021,True,26575.79,5550.5,7770.7,Old Masters,"Collection Pierre Le-Tan, Session I",https://sothebys-md.brightspotcdn.com/dims4/default/7469906/2147483647/strip/true/crop/1718x2000+0+0/resize/2048x2384!/quality/90/?url=http%3A%2F%2Fsothebys-brightspot.s3.amazonaws.com%2Fmedia-desk%2F8f%2F4d%2Fb786fcc34a19939712f3710d601d%2F0314pf2137-blvv2-01.jpg
Le Pho,Les Pivoines Et Les Iris,Paris,2021,True,72733.75,8880.8,13321.2,Old Masters,"Collection Pierre Le-Tan, Session I",https://sothebys-md.brightspotcdn.com/dims4/default/4f34fee/2147483647/strip/true/crop/1241x2000+0+0/resize/2048x3301!/quality/90/?url=http%3A%2F%2Fsothebys-brightspot.s3.amazonaws.com%2Fmedia-desk%2Fdc%2F63%2F5919ce0f469fbac3abe0324a1265%2F0329pf2137-blvvq-01.jpg
Le Pho,Maison Vue À Travers Une Arche,Paris,2021,True,20980.89,3330.3,5550.5,Old Masters,"Collection Pierre Le-Tan, Session I",https://sothebys-md.brightspotcdn.com/dims4/default/6e261a2/2147483647/strip/true/crop/1450x2000+0+0/resize/2048x2825!/quality/90/?url=http%3A%2F%2Fsothebys-brightspot.s3.amazonaws.com%2Fmedia-desk%2F22%2F9d%2Ffd5bc19143f5a6beed9ce0f48cbc%2F0286pf2137-bltyz-01.jpg
Le Pho,Nature Morte Aux Fleurs,Paris,2021,True,36366.88,3330.3,5550.5,Old Masters,"Collection Pierre Le-Tan, Session I",https://sothebys-md.brightspotcdn.com/dims4/default/4d0c826/2147483647/strip/true/crop/2000x1174+0+0/resize/2048x1202!/quality/90/?url=http%3A%2F%2Fsothebys-brightspot.s3.amazonaws.com%2Fmedia-desk%2Fda%2Faa%2F97a6011f456f87de208941b00fb6%2F0296pf2137-blv4m-01.jpg
Luca Carlevarijs ,"Venice, A View Of A Corner Of St. Mark'S Square, With Peasants And Dogs To The Right And Other Figures, Some In Oriental Dress, To The Left",London,2019,True,82015.78,52490.1,78735.15,Old Masters,Old Masters Evening Sale | 西洋古典油畫晚拍,https://sothebys-md.brightspotcdn.com/dims4/default/b2a230a/2147483647/strip/true/crop/1586x2000+0+0/resize/2048x2583!/quality/90/?url=http%3A%2F%2Fsothebys-brightspot.s3.amazonaws.com%2Fmedia-desk%2Fb7%2F88%2Ff39f9e53475daf4b479ae6d729a6%2F058l19036-6v9bb-1.jpg
Luca Carlevarijs ,"Venice, A View Of The Grand Canal With The Church Of Santa Maria Della Salute",London,2019,True,180434.72,131225.25,196837.87,Old Masters,Old Masters Evening Sale | 西洋古典油畫晚拍,https://sothebys-md.brightspotcdn.com/dims4/default/903891e/2147483647/strip/true/crop/2000x1157+0+0/resize/2048x1185!/quality/90/?url=http%3A%2F%2Fsothebys-brightspot.s3.amazonaws.com%2Fmedia-desk%2F08%2F17%2Fab9607d648538ae36ec73623aff2%2F002l19036-bb8th-1.jpg
Manner Of George Stubbs ,A Red And White Spaniel In A Landscape,New York,2020,True,6875.0,1000.0,2000.0,Old Masters,Mario Buatta: Prince of Interiors,https://sothebys-md.brightspotcdn.com/dims4/default/252009f/2147483647/strip/true/crop/2000x1623+0+0/resize/2048x1662!/quality/90/?url=http%3A%2F%2Fsothebys-brightspot.s3.amazonaws.com%2Fmedia-desk%2F94%2F36%2F649f21584f2cad46c216a88e5c5b%2F015n10304-b9qq8-web.jpg
Manner Of George Stubbs ,A Spaniel And Toy Terrier In A Landscape,New York,2020,True,16250.0,3000.0,5000.0,Old Masters,Mario Buatta: Prince of Interiors,https://sothebys-md.brightspotcdn.com/dims4/default/7cc6315/2147483647/strip/true/crop/2000x2000+0+0/resize/2048x2048!/quality/90/?url=http%3A%2F%2Fsothebys-brightspot.s3.amazonaws.com%2Fmedia-desk%2F9b%2F67%2Fd67baa9449d2a055d975b6e95672%2Fn10304-102-web.jpg
Marten Van Cleve The Elder ,Peasants Feeding Spanish Soldiers During The Siege Of Antwerp,Paris,2020,True,11189.81,11101.0,16651.5,Old Masters,Tableaux Dessins Sculptures 1300-1900,https://sothebys-md.brightspotcdn.com/dims4/default/3720ca0/2147483647/strip/true/crop/1915x2000+0+0/resize/2048x2139!/quality/90/?url=http%3A%2F%2Fsothebys-brightspot.s3.amazonaws.com%2Fmedia-desk%2Ff4%2Fe1%2F373dc6ca4c6aa313537a7b49c6b5%2Fpf0099-bprrq-01.jpg
Marten Van Cleve The Elder ,The Procession Of The Bride; The Procession Of The Groom; The Wedding Feast; The Blessing Of The Marriage Bed,London,2019,True,360869.44,288695.55,367430.7,Old Masters,Old Masters Evening Sale | 西洋古典油畫晚拍,https://sothebys-md.brightspotcdn.com/dims4/default/7eeacc2/2147483647/strip/true/crop/2000x1388+0+0/resize/2048x1421!/quality/90/?url=http%3A%2F%2Fsothebys-brightspot.s3.amazonaws.com%2Fmedia-desk%2Fbf%2F5d%2Fdd853ee6410db074366b03655780%2Fl19036-21-web.jpg
Melchior De Hondecoeter,"A Peacock, Pea-Hen, Pheasant, Turkey, Cockerel And Chick By A Wall, A Landscape Beyond",New York,2021,True,252000.0,200000.0,300000.0,Old Masters,Master Paintings,https://sothebys-md.brightspotcdn.com/dims4/default/28af402/2147483647/strip/true/crop/2000x1557+0+0/resize/2048x1594!/quality/90/?url=http%3A%2F%2Fsothebys-brightspot.s3.amazonaws.com%2Fmedia-desk%2F49%2F0d%2Ff0e817364470a019806165f5efc1%2F047n10687-bkbn8-03-a.jpg
Melchior De Hondecoeter,"Exotic Fowl, Including A Peacock And Peahen, Flamingo, African Crane, Pheasant, And Lapwing, Shoveller, Pelican And Tufted Duck",New York,2021,True,151200.0,150000.0,200000.0,Old Masters,Master Paintings,https://sothebys-md.brightspotcdn.com/dims4/default/da21ac9/2147483647/strip/true/crop/2000x1527+0+0/resize/2048x1564!/quality/90/?url=http%3A%2F%2Fsothebys-brightspot.s3.amazonaws.com%2Fmedia-desk%2F52%2F96%2F4a38988a48dbbb7b16b4f9eab89a%2F046n10687-bkhsn-03-a.jpg
Nelson Shanks,"Diana, Princess Of Wales",New York,2022,True,201600.0,15000.0,20000.0,Old Masters,Master to Master: The Nelson Shanks Collection,https://sothebys-md.brightspotcdn.com/dims4/default/d07cb91/2147483647/strip/true/crop/1591x2000+0+0/resize/2048x2574!/quality/90/?url=http%3A%2F%2Fsothebys-brightspot.s3.amazonaws.com%2Fmedia-desk%2Ff6%2Fca%2Fbf9179dc496c81d8d73785ab3bad%2F005n10902-c2hbr-03.jpg
Nelson Shanks,Gramercy Studio,New York,2022,True,44100.0,15000.0,20000.0,Old Masters,Master to Master: The Nelson Shanks Collection,https://sothebys-md.brightspotcdn.com/dims4/default/fc41e58/2147483647/strip/true/crop/2000x1781+0+0/resize/2048x1824!/quality/90/?url=http%3A%2F%2Fsothebys-brightspot.s3.amazonaws.com%2Fmedia-desk%2F07%2F5f%2F481b8b48479baee209ac530d653c%2F051n10902-c2hch-01-a.jpg
Nelson Shanks,Luciano Pavarotti (A Sketch),New York,2022,True,20160.0,15000.0,20000.0,Old Masters,Master to Master: The Nelson Shanks Collection,https://sothebys-md.brightspotcdn.com/dims4/default/1d2eec5/2147483647/strip/true/crop/1622x2000+0+0/resize/2048x2525!/quality/90/?url=http%3A%2F%2Fsothebys-brightspot.s3.amazonaws.com%2Fmedia-desk%2F7f%2F8f%2F2b3883234af0b6e5dbd2bf663eac%2F008n10902-c2hc3-03.jpg
Nelson Shanks,Renée Fleming (A Sketch),New York,2022,True,15120.0,15000.0,20000.0,Old Masters,Master to Master: The Nelson Shanks Collection,https://sothebys-md.brightspotcdn.com/dims4/default/bea0188/2147483647/strip/true/crop/1527x2000+0+0/resize/2048x2682!/quality/90/?url=http%3A%2F%2Fsothebys-brightspot.s3.amazonaws.com%2Fmedia-desk%2F7b%2F07%2F015674c74b828b29fbfcdf6dedc3%2F010n10902-c2hc2-01.jpg
Nelson Shanks,Ronald Reagan (A Sketch),New York,2022,True,25200.0,15000.0,20000.0,Old Masters,Master to Master: The Nelson Shanks Collection,https://sothebys-md.brightspotcdn.com/dims4/default/ac0c642/2147483647/strip/true/crop/1836x2000+0+0/resize/2048x2231!/quality/90/?url=http%3A%2F%2Fsothebys-brightspot.s3.amazonaws.com%2Fmedia-desk%2F27%2F7c%2F5e0d33884a93a2c47a5bc78215e5%2F011n10902-c2h5p-01.jpg
Nelson Shanks,William Jefferson Clinton (A Sketch),New York,2022,True,32760.0,15000.0,20000.0,Old Masters,Master to Master: The Nelson Shanks Collection,https://sothebys-md.brightspotcdn.com/dims4/default/4e9ef40/2147483647/strip/true/crop/1580x2000+0+0/resize/2048x2592!/quality/90/?url=http%3A%2F%2Fsothebys-brightspot.s3.amazonaws.com%2Fmedia-desk%2F0b%2Ff3%2F475cdc834dd49e635015db3b5d93%2F050n10902-c2h5n-01-a.jpg
Nicolas Poussin ,"Narcissus Gazing At His Reflection And Cupid Shooting An Arrow, In A Landscape",New York,2020,True,680000.0,400000.0,600000.0,Old Masters,Master Paintings Evening Sale,https://sothebys-md.brightspotcdn.com/dims4/default/8a161d0/2147483647/strip/true/crop/1538x2000+0+0/resize/2048x2663!/quality/90/?url=http%3A%2F%2Fsothebys-brightspot.s3.amazonaws.com%2Fmedia-desk%2F2f%2F3e%2Fd2e7361241ba95ce7abb6e5ef837%2F062n10308-bfkjv-web.jpg
Nicolas Poussin ,The Baptism Of Christ,London,2019,True,2381738.28,1968378.75,2624504.99,Old Masters,Old Masters Evening Sale | 西洋古典油畫晚拍,https://sothebys-md.brightspotcdn.com/dims4/default/355fb55/2147483647/strip/true/crop/1499x2000+0+0/resize/2048x2732!/quality/90/?url=http%3A%2F%2Fsothebys-brightspot.s3.amazonaws.com%2Fmedia-desk%2Fc8%2Fbd%2Ffb208f114a559db96ffc8f365e8c%2F020l19036-b89mg.jpg
Pavel Tchelitchew,Acrobates Dans Un Intérieur,Paris,2021,True,4196.18,1665.15,2220.2,Old Masters,"Collection Pierre Le-Tan, Session I",https://sothebys-md.brightspotcdn.com/dims4/default/d89cfb9/2147483647/strip/true/crop/1368x2000+0+0/resize/2048x2994!/quality/90/?url=http%3A%2F%2Fsothebys-brightspot.s3.amazonaws.com%2Fmedia-desk%2Fbd%2Fd4%2Fbcddbc9c47aabcda48434c8443e6%2F0760pf2137-blnqf-01.jpg
Pavel Tchelitchew,Jeune Page Portant À Bout De Bras Une Hure De Sanglier Sur Un Plateau,Paris,2021,True,4196.18,2220.2,3330.3,Old Masters,"Collection Pierre Le-Tan, Session I",https://sothebys-md.brightspotcdn.com/dims4/default/0fb9173/2147483647/strip/true/crop/1307x2000+0+0/resize/2048x3134!/quality/90/?url=http%3A%2F%2Fsothebys-brightspot.s3.amazonaws.com%2Fmedia-desk%2Fb8%2Fed%2F11dc750a444c8caf94d274a56510%2F0771pf2137-blp2t-01.jpg
Pieter Brueghel The Younger ,A Village Scene With Peasants Carousing,London,2020,True,728300.14,393675.75,524901.0,Old Masters,Rembrandt to Richter,https://sothebys-md.brightspotcdn.com/dims4/default/9ccaec7/2147483647/strip/true/crop/1371x2000+0+0/resize/2048x2988!/quality/90/?url=http%3A%2F%2Fsothebys-brightspot.s3.amazonaws.com%2Fmedia-desk%2Fd8%2Fd9%2F1542141f445abf1408183f26bb42%2F001l20022-bkrlf-01.jpg
Pieter Brueghel The Younger ,"Head Of A Peasant, Wearing A Black Cap",London,2019,True,131225.25,78735.15,104980.2,Old Masters,Old Masters Day Sale,https://sothebys-md.brightspotcdn.com/dims4/default/2da349d/2147483647/strip/true/crop/1956x2000+0+0/resize/2048x2094!/quality/90/?url=http%3A%2F%2Fsothebys-brightspot.s3.amazonaws.com%2Fmedia-desk%2Fd3%2F7f%2Fc8d3783e4fc8b166a57035e583ab%2F093l19037-bdfzc-cut-out.jpg
Pieter Brueghel The Younger ,St. George'S Kermis With The Dance Around The Maypole,New York,2020,True,1940000.0,1000000.0,1500000.0,Old Masters,Master Paintings Evening Sale,https://sothebys-md.brightspotcdn.com/dims4/default/bbee90c/2147483647/strip/true/crop/2000x1430+0+0/resize/2048x1464!/quality/90/?url=http%3A%2F%2Fsothebys-brightspot.s3.amazonaws.com%2Fmedia-desk%2Fce%2F3d%2F47f23c4d451194c15309c0f1c1fe%2F274n10308-bd7h7.jpg
Rachel Ruysch,Still Life Of A Tulip And Other Flowers With A Melon Upon A Ledge,London,2021,True,511909.7,131225.25,196837.87,Old Masters,Old Masters Evening Sale,https://sothebys-md.brightspotcdn.com/dims4/default/906ba76/2147483647/strip/true/crop/2000x1921+0+0/resize/2048x1967!/quality/90/?url=http%3A%2F%2Fsothebys-brightspot.s3.amazonaws.com%2Fmedia-desk%2F8a%2Fcc%2Ff574eba84015ab7f146c5b43400a%2Fl21036-c3c46-cs-01-t1.jpg
Rachel Ruysch,"Still Life Of Carnations, Hibiscus, Morning Glories, And Other Other Flowers On A Ledge, With A Butterfly",New York,2022,True,365400.0,80000.0,120000.0,Old Masters,Master Paintings & Sculpture Part I,https://sothebys-md.brightspotcdn.com/dims4/default/86e46d9/2147483647/strip/true/crop/1599x2000+0+0/resize/2048x2562!/quality/90/?url=http%3A%2F%2Fsothebys-brightspot.s3.amazonaws.com%2Fmedia-desk%2F73%2F19%2F2449760c4e868e577c8779cdc0c3%2F004n10901-btkv4-t1-05.jpg
Rachel Ruysch,"Still Life With Flowers In A Vase On A Ledge With A Dragonfly, Caterpillar, And Butterfly",New York,2021,True,2198000.0,1000000.0,1500000.0,Old Masters,Master Paintings & Sculpture Part I,https://sothebys-md.brightspotcdn.com/dims4/default/e5ac32d/2147483647/strip/true/crop/2000x2000+0+0/resize/2048x2048!/quality/90/?url=http%3A%2F%2Fsothebys-brightspot.s3.amazonaws.com%2Fmedia-desk%2F6c%2F09%2Fe73f324a42ad82db20deae82bd1a%2Fn10607-32-web.jpg
Richard Parkes Bonington,"Corso Sant'Anastasia, Verona",New York,2021,True,453600.0,300000.0,500000.0,Old Masters,"Collector, Dealer, Connoisseur: The Vision of Richard L. Feigen",https://sothebys-md.brightspotcdn.com/dims4/default/dda29b2/2147483647/strip/true/crop/1657x2000+0+0/resize/2048x2472!/quality/90/?url=http%3A%2F%2Fsothebys-brightspot.s3.amazonaws.com%2Fmedia-desk%2Fc9%2F4c%2F3337ed5a4ef195ae6cd13be1e71d%2F012n10762-byf3p-04.jpg
Richard Parkes Bonington,Study Of A Sixteenth-Century Half Suit Of Armor,New York,2021,True,32760.0,30000.0,50000.0,Old Masters,"Collector, Dealer, Connoisseur: The Vision of Richard L. Feigen",https://sothebys-md.brightspotcdn.com/dims4/default/16f4e54/2147483647/strip/true/crop/1668x2000+0+0/resize/2048x2456!/quality/90/?url=http%3A%2F%2Fsothebys-brightspot.s3.amazonaws.com%2Fmedia-desk%2F60%2Fbd%2F16bca0ec4200883325b283d99a07%2F013n10762-byf4q-04.jpg
Richard Parkes Bonington,"The Palazzi Manolesso-Ferro, Contarini-Fasan And Venier-Contarini On The Grand Canal, Venice",New York,2021,True,7387800.0,2000000.0,3000000.0,Old Masters,"Collector, Dealer, Connoisseur: The Vision of Richard L. Feigen",https://sothebys-md.brightspotcdn.com/dims4/default/17c623a/2147483647/strip/true/crop/2000x1588+0+0/resize/2048x1626!/quality/90/?url=http%3A%2F%2Fsothebys-brightspot.s3.amazonaws.com%2Fmedia-desk%2Fd6%2F5b%2F9a5302574804af08cb7a4e6fe0bf%2F025n10762-byf3l-01.jpg
Richard Parkes Bonington,View Of Lerici With Baron Charles Rivet Sketching In The Foreground,New York,2021,True,2682000.0,1000000.0,1500000.0,Old Masters,"Collector, Dealer, Connoisseur: The Vision of Richard L. Feigen",https://sothebys-md.brightspotcdn.com/dims4/default/b23be3e/2147483647/strip/true/crop/2000x1557+0+0/resize/2048x1594!/quality/90/?url=http%3A%2F%2Fsothebys-brightspot.s3.amazonaws.com%2Fmedia-desk%2F09%2Fc3%2F2c8652e946a78fe1147c832a50b1%2F009n10762-byf3j-03.jpg
"Richard Wilson, R.A.","An Italian River Scene, With The Temple Of Clitumnus And Ruins, Two Figures And Cows",New York,2021,True,52920.0,40000.0,60000.0,Old Masters,"Collector, Dealer, Connoisseur: The Vision of Richard L. Feigen",https://sothebys-md.brightspotcdn.com/dims4/default/82c3491/2147483647/strip/true/crop/2000x1313+0+0/resize/2048x1345!/quality/90/?url=http%3A%2F%2Fsothebys-brightspot.s3.amazonaws.com%2Fmedia-desk%2F0c%2F4e%2F18314a5e4c75a574dc8cf30c6224%2F027n10762-byf4f-01-a.jpg
"Richard Wilson, R.A.",The Destruction Of Niobe'S Children,New York,2021,True,50400.0,20000.0,30000.0,Old Masters,"Collector, Dealer, Connoisseur: The Vision of Richard L. Feigen",https://sothebys-md.brightspotcdn.com/dims4/default/8e210c9/2147483647/strip/true/crop/2000x1503+0+0/resize/2048x1539!/quality/90/?url=http%3A%2F%2Fsothebys-brightspot.s3.amazonaws.com%2Fmedia-desk%2F5b%2Fe7%2F4d8c8a0341c58420e5db4d14d4d5%2F070n10762-byf4g-04.jpg
Roger De La Fresnaye,Autoportrait,Paris,2021,True,22379.62,3330.3,5550.5,Old Masters,"Collection Pierre Le-Tan, Session I",https://sothebys-md.brightspotcdn.com/dims4/default/8d7012a/2147483647/strip/true/crop/1332x2000+0+0/resize/2048x3075!/quality/90/?url=http%3A%2F%2Fsothebys-brightspot.s3.amazonaws.com%2Fmedia-desk%2F3a%2Fc4%2F75aebc2d4d1783718d557f8ba674%2F0178pf2137-blnkf-01.jpg
Roger De La Fresnaye,Etudes Pour L'Autoportrait,Paris,2021,True,4196.18,888.08,1332.12,Old Masters,"Collection Pierre Le-Tan, Session I",https://sothebys-md.brightspotcdn.com/dims4/default/21de736/2147483647/strip/true/crop/1399x2000+0+0/resize/2048x2928!/quality/90/?url=http%3A%2F%2Fsothebys-brightspot.s3.amazonaws.com%2Fmedia-desk%2F63%2Fb3%2Fd201c4f5497db8c1c66737244229%2F0757pf2137-blnqd-01.jpg
Rudolf Ernst,A Bashi-Bazouk,London,2022,True,69444.4,13122.52,19683.79,Old Masters,The Orientalist Sale,https://sothebys-md.brightspotcdn.com/dims4/default/00cb20c/2147483647/strip/true/crop/1509x2000+0+0/resize/2048x2714!/quality/90/?url=http%3A%2F%2Fsothebys-brightspot.s3.amazonaws.com%2Fmedia-desk%2Feb%2F68%2Fe85135564015b2fccebaf193eaff%2F021l22100-c38mx-t2-02-a.jpg
Rudolf Ernst,The Guard,London,2022,True,115740.67,52490.1,78735.15,Old Masters,The Orientalist Sale,https://sothebys-md.brightspotcdn.com/dims4/default/cdffc0d/2147483647/strip/true/crop/1438x2000+0+0/resize/2048x2848!/quality/90/?url=http%3A%2F%2Fsothebys-brightspot.s3.amazonaws.com%2Fmedia-desk%2F1c%2Fb3%2F76565e714fb79bc28426d56e9bfc%2Fl22100-c38l9-01a-t2.jpg
Salomon Van Ruysdael,"A River Landscape With Sailing Boats, Possibly A View On The Wijkermeer  ，",London,2020,True,82671.91,104980.2,157470.3,Old Masters,Old Masters Evening Sale,https://sothebys-md.brightspotcdn.com/dims4/default/8081590/2147483647/strip/true/crop/2000x1470+0+0/resize/2048x1505!/quality/90/?url=http%3A%2F%2Fsothebys-brightspot.s3.amazonaws.com%2Fmedia-desk%2Fbf%2Fea%2F2b81f9044668b5547fec3021b579%2Fl20036-bfx2t-01.jpg
Salomon Van Ruysdael,"Fishermen On The Beach At Egmond-Aan-Zee, With Boats, Figures And Their Catch On The Shore ，",London,2021,True,330687.63,262450.5,393675.75,Old Masters,Old Masters Evening Sale,https://sothebys-md.brightspotcdn.com/dims4/default/37c2273/2147483647/strip/true/crop/2000x1258+0+0/resize/2048x1288!/quality/90/?url=http%3A%2F%2Fsothebys-brightspot.s3.amazonaws.com%2Fmedia-desk%2Fdb%2F5c%2F1d4542984beeb7fe8624301fcafd%2Fl21036-c3c48-cs-01-t1.jpg
Salomon Van Ruysdael,River Landscape With Fishermen Tending Their Nets Along A Bank,New York,2021,True,478800.0,200000.0,300000.0,Old Masters,Master Paintings & Sculpture Part I,https://sothebys-md.brightspotcdn.com/dims4/default/ced4991/2147483647/strip/true/crop/2000x2000+0+0/resize/2048x2048!/quality/90/?url=http%3A%2F%2Fsothebys-brightspot.s3.amazonaws.com%2Fmedia-desk%2Ff2%2F3d%2F889a5d594de0861959c627e49c05%2Fn10607-6-web-addl.jpg
Sano Di Pietro,Madonna And Child,New York,2022,True,239400.0,200000.0,300000.0,Old Masters,Master Paintings & Sculpture Part I,https://sothebys-md.brightspotcdn.com/dims4/default/d0b021e/2147483647/strip/true/crop/1718x2000+0+0/resize/2048x2384!/quality/90/?url=http%3A%2F%2Fsothebys-brightspot.s3.amazonaws.com%2Fmedia-desk%2F66%2F37%2Fc7dfc5484e43a79647d82a642cf6%2F116n10901-c4rhb-01-a.jpg
Sano Di Pietro,Nativity,New York,2021,True,504000.0,400000.0,600000.0,Old Masters,Master Paintings & Sculpture Part I,https://sothebys-md.brightspotcdn.com/dims4/default/076b80b/2147483647/strip/true/crop/1593x2000+0+0/resize/2048x2571!/quality/90/?url=http%3A%2F%2Fsothebys-brightspot.s3.amazonaws.com%2Fmedia-desk%2F5e%2Ff5%2F00c923114c21a42c1815f88fa000%2F344n10607-7c4j3.jpg
Sir Anthony Van Dyck,"Family Portrait Of The Painter Cornelis De Vos And His Wife Suzanna Cock And Their Two Eldest Children, Magdalena And Jan-Baptist",London,2021,True,3195334.83,1312252.5,1968378.75,Old Masters,Old Masters Evening Sale,https://sothebys-md.brightspotcdn.com/dims4/default/f949857/2147483647/strip/true/crop/2000x2008+0+0/resize/2048x2056!/quality/90/?url=http%3A%2F%2Fsothebys-brightspot.s3.amazonaws.com%2Fmedia-desk%2F17%2Fdb%2Fa78afe0c4bdca0dbdacfa6bbbb48%2Fl21033-bxrdq-01.jpg
Sir Anthony Van Dyck,Head Study Of Saint Anthony Of Padua,New York,2022,True,163800.0,100000.0,150000.0,Old Masters,Master to Master: The Nelson Shanks Collection,https://sothebys-md.brightspotcdn.com/dims4/default/ee1e8d2/2147483647/strip/true/crop/1581x2000+0+0/resize/2048x2591!/quality/90/?url=http%3A%2F%2Fsothebys-brightspot.s3.amazonaws.com%2Fmedia-desk%2F3f%2F6b%2F66b924bc410c8da5b93090f55f93%2F020n10902-92b7s-03.jpg
Sir Anthony Van Dyck,Portrait Of Jacob De Witte; Portrait Of Maria Nutius ；,London,2021,True,8100272.21,5249009.99,7873514.98,Old Masters,Old Masters Evening Sale,https://sothebys-md.brightspotcdn.com/dims4/default/4f05206/2147483647/strip/true/crop/2000x1260+0+0/resize/2048x1290!/quality/90/?url=http%3A%2F%2Fsothebys-brightspot.s3.amazonaws.com%2Fmedia-desk%2F5e%2F66%2F53a830af4ca983397ad9d59ae307%2Fl21036-c26t2-01a-t1-group-a-01-group.jpg
"Sir David Wilkie, R.A.",Nelson Sealing The Copenhagen Letter,New York,2021,True,22680.0,20000.0,30000.0,Old Masters,"Collector, Dealer, Connoisseur: The Vision of Richard L. Feigen",https://sothebys-md.brightspotcdn.com/dims4/default/a13e72d/2147483647/strip/true/crop/2000x1593+0+0/resize/2048x1631!/quality/90/?url=http%3A%2F%2Fsothebys-brightspot.s3.amazonaws.com%2Fmedia-desk%2F19%2Fd5%2Fe2da6f424e46ad4b5a42fd427979%2F034n10762-bykt9-01-a.jpg
"Sir David Wilkie, R.A.","Sketch For ""A Whisky Still At Lochgilphead""",New York,2021,True,27720.0,20000.0,30000.0,Old Masters,"Collector, Dealer, Connoisseur: The Vision of Richard L. Feigen",https://sothebys-md.brightspotcdn.com/dims4/default/d28ca3e/2147483647/strip/true/crop/2000x1385+0+0/resize/2048x1418!/quality/90/?url=http%3A%2F%2Fsothebys-brightspot.s3.amazonaws.com%2Fmedia-desk%2Fc5%2F66%2Fb028e33140388af964830da6a6d3%2F032n10762-byf4c-01-a.jpg
Sir Peter Paul Rubens ,"Portrait Of A Lady, Three-Quarter Length, Wearing An Elaborate Black Dress And Cloak, Before A Red Drape And A Distant Landscape",London,2020,True,3956441.28,3280631.24,4592883.74,Old Masters,Rembrandt to Richter,https://sothebys-md.brightspotcdn.com/dims4/default/be0c228/2147483647/strip/true/crop/1435x2000+0+0/resize/2048x2854!/quality/90/?url=http%3A%2F%2Fsothebys-brightspot.s3.amazonaws.com%2Fmedia-desk%2Fbe%2Ffc%2Fcb005bbd4e2cad125bec972d4058%2F222l20022-b9v22-02.jpg
Sir Peter Paul Rubens ,"The Last Supper, En Grisaille",New York,2020,True,2300000.0,1500000.0,2000000.0,Old Masters,Master Paintings Evening Sale,https://sothebys-md.brightspotcdn.com/dims4/default/699b03c/2147483647/strip/true/crop/1573x2000+0+0/resize/2048x2604!/quality/90/?url=http%3A%2F%2Fsothebys-brightspot.s3.amazonaws.com%2Fmedia-desk%2Ff3%2F3c%2F99054f244495bae9d4ea17ab5983%2F139n10308-596dl.png
Sir Peter Paul Rubens ,"The Virgin And Christ Child, With Saints Elizabeth And John The Baptist",New York,2020,True,7098000.0,6000000.0,8000000.0,Old Masters,Master Paintings Evening Sale,https://sothebys-md.brightspotcdn.com/dims4/default/9e357a1/2147483647/strip/true/crop/1513x1910+0+0/resize/2048x2585!/quality/90/?url=http%3A%2F%2Fsothebys-brightspot.s3.amazonaws.com%2Fmedia-desk%2F9f%2F93%2Fb7fc4d644b619edb00781480e5c3%2F094n10308-b668l-1.jpeg
Studio Of Hyacinthe Rigaud ,"Portrait Of Louis De Bourbon, Duke Of Burgundy (1682-1712)",Paris,2020,True,16784.71,8880.8,13321.2,Old Masters,Tableaux Dessins Sculptures 1300-1900,https://sothebys-md.brightspotcdn.com/dims4/default/ee9a7be/2147483647/strip/true/crop/1615x2000+0+0/resize/2048x2536!/quality/90/?url=http%3A%2F%2Fsothebys-brightspot.s3.amazonaws.com%2Fmedia-desk%2F75%2F49%2F78bdcc584f7d813a2e56d47eb1fa%2Fpf0099-bkdky-02.jpg
Studio Of Hyacinthe Rigaud ,"Portrait Of Louis François, Marshall Duke Of Boufflers (1644-1711)",Paris,2020,True,18183.44,8880.8,13321.2,Old Masters,Tableaux Dessins Sculptures 1300-1900,https://sothebys-md.brightspotcdn.com/dims4/default/bafd565/2147483647/strip/true/crop/1642x2000+0+0/resize/2048x2495!/quality/90/?url=http%3A%2F%2Fsothebys-brightspot.s3.amazonaws.com%2Fmedia-desk%2Faf%2F72%2F182782434ae2be0c1c09e64f8c26%2Fpf0099-bp98x-02.jpg
Studio Of Hyacinthe Rigaud ,Portrait Of Louis Xiv (1638-1715),Paris,2020,True,25177.07,22202.0,33303.0,Old Masters,Tableaux Dessins Sculptures 1300-1900,https://sothebys-md.brightspotcdn.com/dims4/default/940617e/2147483647/strip/true/crop/1448x2000+0+0/resize/2048x2829!/quality/90/?url=http%3A%2F%2Fsothebys-brightspot.s3.amazonaws.com%2Fmedia-desk%2F95%2Fb4%2Fbbfea973454da6d684311f8d1138%2Fpf0099-bp8jt-02.jpg
Studio Of Sir Peter Paul Rubens ,Diana And Her Nymphs Hunting,London,2019,True,2224267.98,393675.75,656126.25,Old Masters,Old Masters Evening Sale | 西洋古典油畫晚拍,https://sothebys-md.brightspotcdn.com/dims4/default/f0c5146/2147483647/strip/true/crop/2000x931+0+0/resize/2048x953!/quality/90/?url=http%3A%2F%2Fsothebys-brightspot.s3.amazonaws.com%2Fmedia-desk%2Fd7%2Faf%2F44313fda4b049f71b6741560eee6%2F067l19036-939lq-b.jpg
Studio Of Sir Peter Paul Rubens ,Saint Paul,Paris,2020,True,223796.16,22202.0,33303.0,Old Masters,Tableaux Dessins Sculptures 1300-1900,https://sothebys-md.brightspotcdn.com/dims4/default/ae3705a/2147483647/strip/true/crop/1611x2000+0+0/resize/2048x2543!/quality/90/?url=http%3A%2F%2Fsothebys-brightspot.s3.amazonaws.com%2Fmedia-desk%2F99%2F66%2Fc4c232764ed6a11821c3b20ca7f4%2Fpf0099-b6hd9-01.jpg
Taddeo Di Bartolo ,"Saints Catherine Of Alexandria, Lawrence, Dominic, And Julian",New York,2020,True,126000.0,100000.0,150000.0,Old Masters,Master Paintings,https://sothebys-md.brightspotcdn.com/dims4/default/812ad4a/2147483647/strip/true/crop/2000x2000+0+0/resize/2048x2048!/quality/90/?url=http%3A%2F%2Fsothebys-brightspot.s3.amazonaws.com%2Fmedia-desk%2F96%2Fb4%2Fcc33a9704e60b2c64b067b372170%2Fn10377-115-bj2cd-web.jpg
Taddeo Di Bartolo ,The Entombment,New York,2019,True,106250.0,60000.0,80000.0,Old Masters,Fabrizio Moretti x Fabrizio Moretti | In Passing,https://sothebys-md.brightspotcdn.com/dims4/default/e44d96b/2147483647/strip/true/crop/2000x1920+0+0/resize/2048x1966!/quality/90/?url=http%3A%2F%2Fsothebys-brightspot.s3.amazonaws.com%2Fmedia-desk%2Fb9%2F8a%2F1b3367404bfd9a013206fb69b62b%2F020n10250-bdpkz.jpg
The Master Of 1518,Adoration Of The Magi,New York,2021,True,163800.0,150000.0,200000.0,Old Masters,Master Paintings & Sculpture Part I,https://sothebys-md.brightspotcdn.com/dims4/default/72cc7ba/2147483647/strip/true/crop/2000x2000+0+0/resize/2048x2048!/quality/90/?url=http%3A%2F%2Fsothebys-brightspot.s3.amazonaws.com%2Fmedia-desk%2Faf%2Fa0%2F3c2b324b42088bf7bfffd8a4f47e%2Fn10607-1-web.jpg
The Master Of 1518,The Holy Family With Saints Catherine And Ursula,London,2021,True,380290.77,196837.87,262450.5,Old Masters,Old Masters Evening Sale,https://sothebys-md.brightspotcdn.com/dims4/default/e210738/2147483647/strip/true/crop/1359x2000+0+0/resize/2048x3014!/quality/90/?url=http%3A%2F%2Fsothebys-brightspot.s3.amazonaws.com%2Fmedia-desk%2Fd5%2Fea%2F13e47c164b959638843987f26608%2Fl21033-97k6k-01-cropped.jpg
Thomas Germain Joseph Duvivier ,Still Life With A Globe And Shells,Paris,2020,True,7692.99,6660.6,8880.8,Old Masters,Tableaux Dessins Sculptures 1300-1900,https://sothebys-md.brightspotcdn.com/dims4/default/eb625e9/2147483647/strip/true/crop/1660x2000+0+0/resize/2048x2467!/quality/90/?url=http%3A%2F%2Fsothebys-brightspot.s3.amazonaws.com%2Fmedia-desk%2F79%2F7d%2Ff8e538a04482b4aba683adb14d40%2Fpf0099-bnzvq-01.jpg
Thomas Germain Joseph Duvivier ,Still Life With A Statue And An Inkwell,Paris,2020,True,19582.16,11101.0,16651.5,Old Masters,Tableaux Dessins Sculptures 1300-1900,https://sothebys-md.brightspotcdn.com/dims4/default/6560151/2147483647/strip/true/crop/1663x2000+0+0/resize/2048x2463!/quality/90/?url=http%3A%2F%2Fsothebys-brightspot.s3.amazonaws.com%2Fmedia-desk%2Fdf%2F23%2Fed0ce8bc4868909cb05b705bf4b8%2Fpf0099-bnjbp-01.jpg
"Venetian School, 16Th Century ","Portrait Of A Gentleman, Half-Length, In A Golden Doublet",London,2019,True,27885.37,19683.79,26245.05,Old Masters,Old Masters Day Sale,https://sothebys-md.brightspotcdn.com/dims4/default/1b0833a/2147483647/strip/true/crop/1575x2000+0+0/resize/2048x2601!/quality/90/?url=http%3A%2F%2Fsothebys-brightspot.s3.amazonaws.com%2Fmedia-desk%2F4d%2Fe0%2F280be9904af9b80c7b83f964476a%2F123l19037-bczhr.jpg
"Venetian School, 16Th Century ",The Descent From The Cross,Paris,2020,True,11189.81,11101.0,16651.5,Old Masters,Tableaux Dessins Sculptures 1300-1900,https://sothebys-md.brightspotcdn.com/dims4/default/d5c8236/2147483647/strip/true/crop/1629x2000+0+0/resize/2048x2514!/quality/90/?url=http%3A%2F%2Fsothebys-brightspot.s3.amazonaws.com%2Fmedia-desk%2Fa7%2Fb6%2F3ed81db24c43bdfa7c11f1536f56%2Fpf0099-bjvfk-01.jpg
